drug_id,salt_id
DB00007,SAL0001
DB00007,SAL0002
DB00010,SAL0003
DB00014,SAL0004
DB00030,SAL0005
DB00030,SAL0006
DB00035,SAL0007
DB00035,SAL0008
DB00040,SAL0009
DB00050,SAL0010
DB00067,SAL0011
DB00071,SAL0012
DB00071,SAL0013
DB00071,SAL0014
DB00071,SAL0015
DB00078,SAL0016
DB00078,SAL0017
DB00104,SAL0018
DB00104,SAL0019
DB00104,SAL0020
DB00114,SAL0021
DB00117,SAL0022
DB00117,SAL0023
DB00118,SAL0024
DB00118,SAL0025
DB00118,SAL0026
DB00118,SAL0027
DB00118,SAL0028
DB00119,SAL0029
DB00119,SAL0030
DB00119,SAL0031
DB00120,SAL0032
DB00120,SAL0033
DB00122,SAL0034
DB00122,SAL0035
DB00123,SAL0036
DB00123,SAL0037
DB00123,SAL0038
DB00123,SAL0039
DB00125,SAL0040
DB00125,SAL0041
DB00127,SAL0042
DB00129,SAL0043
DB00129,SAL0044
DB00129,SAL0045
DB00129,SAL0046
DB00130,SAL0047
DB00134,SAL0048
DB00139,SAL0049
DB00140,SAL0050
DB00142,SAL0051
DB00146,SAL0052
DB00147,SAL0053
DB00148,SAL0054
DB00149,SAL0055
DB00151,SAL0056
DB00152,SAL0057
DB00152,SAL0058
DB00152,SAL0059
DB00154,SAL0060
DB00155,SAL0061
DB00158,SAL0062
DB00159,SAL0063
DB00162,SAL0064
DB00162,SAL0065
DB00165,SAL0066
DB00171,SAL0067
DB00171,SAL0068
DB00173,SAL0069
DB00173,SAL0070
DB00175,SAL0071
DB00176,SAL0072
DB00180,SAL0073
DB00181,SAL0074
DB00182,SAL0075
DB00182,SAL0076
DB00182,SAL0077
DB00182,SAL0078
DB00184,SAL0079
DB00184,SAL0080
DB00185,SAL0081
DB00185,SAL0082
DB00187,SAL0083
DB00190,SAL0084
DB00191,SAL0085
DB00192,SAL0086
DB00193,SAL0087
DB00195,SAL0088
DB00198,SAL0089
DB00199,SAL0090
DB00199,SAL0091
DB00199,SAL0092
DB00199,SAL0093
DB00199,SAL0094
DB00199,SAL0095
DB00199,SAL0096
DB00199,SAL0097
DB00200,SAL0098
DB00201,SAL0099
DB00202,SAL0100
DB00202,SAL0101
DB00203,SAL0102
DB00205,SAL0103
DB00207,SAL0104
DB00207,SAL0105
DB00207,SAL0106
DB00208,SAL0107
DB00209,SAL0108
DB00211,SAL0109
DB00213,SAL0110
DB00213,SAL0111
DB00213,SAL0112
DB00213,SAL0113
DB00215,SAL0114
DB00216,SAL0115
DB00216,SAL0116
DB00217,SAL0117
DB00218,SAL0118
DB00218,SAL0119
DB00219,SAL0120
DB00220,SAL0121
DB00221,SAL0122
DB00221,SAL0123
DB00223,SAL0124
DB00224,SAL0125
DB00224,SAL0126
DB00224,SAL0127
DB00225,SAL0128
DB00226,SAL0129
DB00229,SAL0130
DB00231,SAL0131
DB00231,SAL0132
DB00233,SAL0133
DB00233,SAL0134
DB00233,SAL0135
DB00233,SAL0136
DB00233,SAL0137
DB00234,SAL0138
DB00235,SAL0139
DB00237,SAL0140
DB00238,SAL0141
DB00239,SAL0142
DB00240,SAL0143
DB00241,SAL0144
DB00243,SAL0145
DB00245,SAL0146
DB00246,SAL0147
DB00246,SAL0148
DB00247,SAL0149
DB00252,SAL0150
DB00254,SAL0151
DB00254,SAL0152
DB00254,SAL0153
DB00254,SAL0154
DB00255,SAL0155
DB00255,SAL0156
DB00258,SAL0157
DB00261,SAL0158
DB00261,SAL0159
DB00263,SAL0160
DB00264,SAL0161
DB00264,SAL0162
DB00264,SAL0163
DB00267,SAL0164
DB00268,SAL0165
DB00271,SAL0166
DB00271,SAL0167
DB00271,SAL0168
DB00272,SAL0169
DB00273,SAL0170
DB00273,SAL0171
DB00273,SAL0172
DB00274,SAL0173
DB00275,SAL0174
DB00276,SAL0175
DB00276,SAL0176
DB00276,SAL0177
DB00277,SAL0178
DB00278,SAL0179
DB00279,SAL0180
DB00280,SAL0181
DB00281,SAL0182
DB00281,SAL0183
DB00282,SAL0184
DB00283,SAL0185
DB00285,SAL0186
DB00285,SAL0187
DB00289,SAL0188
DB00290,SAL0189
DB00290,SAL0190
DB00293,SAL0191
DB00295,SAL0192
DB00295,SAL0193
DB00295,SAL0194
DB00295,SAL0195
DB00295,SAL0196
DB00295,SAL0197
DB00295,SAL0198
DB00295,SAL0199
DB00295,SAL0200
DB00296,SAL0201
DB00296,SAL0202
DB00297,SAL0203
DB00297,SAL0204
DB00298,SAL0205
DB00299,SAL0206
DB00300,SAL0207
DB00300,SAL0208
DB00300,SAL0209
DB00300,SAL0210
DB00301,SAL0211
DB00303,SAL0212
DB00308,SAL0213
DB00309,SAL0214
DB00312,SAL0215
DB00313,SAL0216
DB00313,SAL0217
DB00313,SAL0218
DB00314,SAL0219
DB00318,SAL0220
DB00318,SAL0221
DB00318,SAL0222
DB00318,SAL0223
DB00318,SAL0224
DB00318,SAL0225
DB00318,SAL0226
DB00319,SAL0227
DB00320,SAL0228
DB00320,SAL0229
DB00321,SAL0230
DB00321,SAL0231
DB00324,SAL0232
DB00325,SAL0233
DB00327,SAL0234
DB00327,SAL0235
DB00328,SAL0236
DB00330,SAL0237
DB00331,SAL0238
DB00332,SAL0239
DB00332,SAL0240
DB00332,SAL0241
DB00333,SAL0242
DB00334,SAL0243
DB00334,SAL0244
DB00334,SAL0245
DB00338,SAL0246
DB00338,SAL0247
DB00340,SAL0248
DB00341,SAL0249
DB00343,SAL0250
DB00343,SAL0251
DB00343,SAL0252
DB00344,SAL0253
DB00345,SAL0254
DB00346,SAL0255
DB00350,SAL0256
DB00352,SAL0257
DB00353,SAL0258
DB00353,SAL0259
DB00354,SAL0260
DB00355,SAL0261
DB00358,SAL0262
DB00359,SAL0263
DB00360,SAL0264
DB00361,SAL0265
DB00363,SAL0266
DB00365,SAL0267
DB00366,SAL0268
DB00368,SAL0269
DB00369,SAL0270
DB00370,SAL0271
DB00370,SAL0272
DB00372,SAL0273
DB00372,SAL0274
DB00373,SAL0275
DB00373,SAL0276
DB00374,SAL0277
DB00374,SAL0278
DB00375,SAL0279
DB00376,SAL0280
DB00377,SAL0281
DB00379,SAL0282
DB00380,SAL0283
DB00381,SAL0284
DB00381,SAL0285
DB00381,SAL0286
DB00381,SAL0287
DB00381,SAL0288
DB00381,SAL0289
DB00382,SAL0290
DB00383,SAL0291
DB00387,SAL0292
DB00388,SAL0293
DB00388,SAL0294
DB00388,SAL0295
DB00392,SAL0296
DB00394,SAL0297
DB00397,SAL0298
DB00398,SAL0299
DB00399,SAL0300
DB00399,SAL0301
DB00399,SAL0302
DB00399,SAL0303
DB00399,SAL0304
DB00403,SAL0305
DB00405,SAL0306
DB00406,SAL0307
DB00408,SAL0308
DB00408,SAL0309
DB00409,SAL0310
DB00410,SAL0311
DB00411,SAL0312
DB00412,SAL0313
DB00413,SAL0314
DB00413,SAL0315
DB00415,SAL0316
DB00415,SAL0317
DB00417,SAL0318
DB00417,SAL0319
DB00418,SAL0320
DB00419,SAL0321
DB00420,SAL0322
DB00422,SAL0323
DB00424,SAL0324
DB00424,SAL0325
DB00424,SAL0326
DB00425,SAL0327
DB00427,SAL0328
DB00427,SAL0329
DB00430,SAL0330
DB00433,SAL0331
DB00433,SAL0332
DB00433,SAL0333
DB00434,SAL0334
DB00437,SAL0335
DB00438,SAL0336
DB00438,SAL0337
DB00439,SAL0338
DB00440,SAL0339
DB00440,SAL0340
DB00441,SAL0341
DB00442,SAL0342
DB00442,SAL0343
DB00443,SAL0344
DB00443,SAL0345
DB00443,SAL0346
DB00443,SAL0347
DB00443,SAL0348
DB00445,SAL0349
DB00447,SAL0350
DB00449,SAL0351
DB00451,SAL0352
DB00451,SAL0353
DB00452,SAL0354
DB00454,SAL0355
DB00456,SAL0356
DB00457,SAL0357
DB00458,SAL0358
DB00458,SAL0359
DB00465,SAL0360
DB00468,SAL0361
DB00468,SAL0362
DB00468,SAL0363
DB00468,SAL0364
DB00471,SAL0365
DB00472,SAL0366
DB00473,SAL0367
DB00474,SAL0368
DB00475,SAL0369
DB00476,SAL0370
DB00477,SAL0371
DB00478,SAL0372
DB00479,SAL0373
DB00480,SAL0374
DB00481,SAL0375
DB00484,SAL0376
DB00485,SAL0377
DB00485,SAL0378
DB00487,SAL0379
DB00487,SAL0380
DB00489,SAL0381
DB00490,SAL0382
DB00492,SAL0383
DB00493,SAL0384
DB00496,SAL0385
DB00497,SAL0386
DB00497,SAL0387
DB00500,SAL0388
DB00501,SAL0389
DB00502,SAL0390
DB00502,SAL0391
DB00504,SAL0392
DB00505,SAL0393
DB00508,SAL0394
DB00509,SAL0395
DB00512,SAL0396
DB00514,SAL0397
DB00514,SAL0398
DB00514,SAL0399
DB00514,SAL0400
DB00519,SAL0401
DB00520,SAL0402
DB00521,SAL0403
DB00527,SAL0404
DB00528,SAL0405
DB00529,SAL0406
DB00530,SAL0407
DB00531,SAL0408
DB00535,SAL0409
DB00536,SAL0410
DB00537,SAL0411
DB00537,SAL0412
DB00539,SAL0413
DB00540,SAL0414
DB00541,SAL0415
DB00542,SAL0416
DB00544,SAL0417
DB00545,SAL0418
DB00545,SAL0419
DB00546,SAL0420
DB00557,SAL0421
DB00557,SAL0422
DB00559,SAL0423
DB00561,SAL0424
DB00563,SAL0425
DB00565,SAL0426
DB00567,SAL0427
DB00567,SAL0428
DB00567,SAL0429
DB00568,SAL0430
DB00569,SAL0431
DB00570,SAL0432
DB00571,SAL0433
DB00572,SAL0434
DB00572,SAL0435
DB00572,SAL0436
DB00573,SAL0437
DB00573,SAL0438
DB00574,SAL0439
DB00575,SAL0440
DB00577,SAL0441
DB00577,SAL0442
DB00578,SAL0443
DB00579,SAL0444
DB00583,SAL0445
DB00583,SAL0446
DB00583,SAL0447
DB00584,SAL0448
DB00584,SAL0449
DB00586,SAL0450
DB00586,SAL0451
DB00586,SAL0452
DB00586,SAL0453
DB00586,SAL0454
DB00589,SAL0455
DB00590,SAL0456
DB00592,SAL0457
DB00592,SAL0458
DB00592,SAL0459
DB00592,SAL0460
DB00592,SAL0461
DB00592,SAL0462
DB00592,SAL0463
DB00592,SAL0464
DB00594,SAL0465
DB00594,SAL0466
DB00595,SAL0467
DB00595,SAL0468
DB00595,SAL0469
DB00595,SAL0470
DB00596,SAL0471
DB00598,SAL0472
DB00599,SAL0473
DB00604,SAL0474
DB00605,SAL0475
DB00607,SAL0476
DB00608,SAL0477
DB00608,SAL0478
DB00608,SAL0479
DB00610,SAL0480
DB00611,SAL0481
DB00612,SAL0482
DB00613,SAL0483
DB00613,SAL0484
DB00618,SAL0485
DB00618,SAL0486
DB00619,SAL0487
DB00620,SAL0488
DB00620,SAL0489
DB00620,SAL0490
DB00622,SAL0491
DB00623,SAL0492
DB00623,SAL0493
DB00623,SAL0494
DB00626,SAL0495
DB00626,SAL0496
DB00628,SAL0497
DB00629,SAL0498
DB00630,SAL0499
DB00630,SAL0500
DB00630,SAL0501
DB00630,SAL0502
DB00633,SAL0503
DB00634,SAL0504
DB00639,SAL0505
DB00642,SAL0506
DB00642,SAL0507
DB00642,SAL0508
DB00642,SAL0509
DB00642,SAL0510
DB00644,SAL0511
DB00644,SAL0512
DB00644,SAL0513
DB00645,SAL0514
DB00646,SAL0515
DB00647,SAL0516
DB00647,SAL0517
DB00650,SAL0518
DB00650,SAL0519
DB00650,SAL0520
DB00652,SAL0521
DB00652,SAL0522
DB00653,SAL0523
DB00653,SAL0524
DB00653,SAL0525
DB00656,SAL0526
DB00657,SAL0527
DB00658,SAL0528
DB00658,SAL0529
DB00659,SAL0530
DB00661,SAL0531
DB00662,SAL0532
DB00663,SAL0533
DB00663,SAL0534
DB00666,SAL0535
DB00668,SAL0536
DB00668,SAL0537
DB00668,SAL0538
DB00669,SAL0539
DB00669,SAL0540
DB00670,SAL0541
DB00671,SAL0542
DB00674,SAL0543
DB00675,SAL0544
DB00678,SAL0545
DB00679,SAL0546
DB00680,SAL0547
DB00681,SAL0548
DB00681,SAL0549
DB00682,SAL0550
DB00682,SAL0551
DB00683,SAL0552
DB00683,SAL0553
DB00684,SAL0554
DB00684,SAL0555
DB00685,SAL0556
DB00685,SAL0557
DB00686,SAL0558
DB00686,SAL0559
DB00687,SAL0560
DB00688,SAL0561
DB00689,SAL0562
DB00689,SAL0563
DB00690,SAL0564
DB00691,SAL0565
DB00692,SAL0566
DB00693,SAL0567
DB00694,SAL0568
DB00694,SAL0569
DB00695,SAL0570
DB00696,SAL0571
DB00697,SAL0572
DB00698,SAL0573
DB00698,SAL0574
DB00704,SAL0575
DB00705,SAL0576
DB00706,SAL0577
DB00708,SAL0578
DB00710,SAL0579
DB00711,SAL0580
DB00712,SAL0581
DB00713,SAL0582
DB00713,SAL0583
DB00714,SAL0584
DB00715,SAL0585
DB00715,SAL0586
DB00715,SAL0587
DB00716,SAL0588
DB00717,SAL0589
DB00719,SAL0590
DB00720,SAL0591
DB00721,SAL0592
DB00721,SAL0593
DB00721,SAL0594
DB00722,SAL0595
DB00723,SAL0596
DB00726,SAL0597
DB00726,SAL0598
DB00728,SAL0599
DB00733,SAL0600
DB00733,SAL0601
DB00734,SAL0602
DB00735,SAL0603
DB00736,SAL0604
DB00736,SAL0605
DB00736,SAL0606
DB00736,SAL0607
DB00736,SAL0608
DB00736,SAL0609
DB00737,SAL0610
DB00738,SAL0611
DB00738,SAL0612
DB00738,SAL0613
DB00739,SAL0614
DB00740,SAL0615
DB00743,SAL0616
DB00746,SAL0617
DB00746,SAL0618
DB00748,SAL0619
DB00750,SAL0620
DB00751,SAL0621
DB00752,SAL0622
DB00757,SAL0623
DB00758,SAL0624
DB00758,SAL0625
DB00758,SAL0626
DB00758,SAL0627
DB00759,SAL0628
DB00759,SAL0629
DB00760,SAL0630
DB00760,SAL0631
DB00762,SAL0632
DB00762,SAL0633
DB00762,SAL0634
DB00766,SAL0635
DB00767,SAL0636
DB00768,SAL0637
DB00769,SAL0638
DB00771,SAL0639
DB00773,SAL0640
DB00775,SAL0641
DB00777,SAL0642
DB00780,SAL0643
DB00782,SAL0644
DB00783,SAL0645
DB00787,SAL0646
DB00788,SAL0647
DB00789,SAL0648
DB00790,SAL0649
DB00790,SAL0650
DB00790,SAL0651
DB00792,SAL0652
DB00792,SAL0653
DB00797,SAL0654
DB00798,SAL0655
DB00800,SAL0656
DB00802,SAL0657
DB00803,SAL0658
DB00804,SAL0659
DB00805,SAL0660
DB00807,SAL0661
DB00810,SAL0662
DB00810,SAL0663
DB00813,SAL0664
DB00813,SAL0665
DB00816,SAL0666
DB00819,SAL0667
DB00828,SAL0668
DB00828,SAL0669
DB00828,SAL0670
DB00829,SAL0671
DB00830,SAL0672
DB00831,SAL0673
DB00833,SAL0674
DB00835,SAL0675
DB00836,SAL0676
DB00838,SAL0677
DB00841,SAL0678
DB00841,SAL0679
DB00843,SAL0680
DB00843,SAL0681
DB00844,SAL0682
DB00847,SAL0683
DB00847,SAL0684
DB00848,SAL0685
DB00848,SAL0686
DB00848,SAL0687
DB00852,SAL0688
DB00852,SAL0689
DB00854,SAL0690
DB00855,SAL0691
DB00857,SAL0692
DB00862,SAL0693
DB00863,SAL0694
DB00863,SAL0695
DB00864,SAL0696
DB00865,SAL0697
DB00866,SAL0698
DB00867,SAL0699
DB00869,SAL0700
DB00871,SAL0701
DB00872,SAL0702
DB00875,SAL0703
DB00875,SAL0704
DB00876,SAL0705
DB00876,SAL0706
DB00878,SAL0707
DB00878,SAL0708
DB00878,SAL0709
DB00880,SAL0710
DB00881,SAL0711
DB00882,SAL0712
DB00884,SAL0713
DB00884,SAL0714
DB00884,SAL0715
DB00885,SAL0716
DB00888,SAL0717
DB00889,SAL0718
DB00892,SAL0719
DB00899,SAL0720
DB00901,SAL0721
DB00902,SAL0722
DB00903,SAL0723
DB00904,SAL0724
DB00904,SAL0725
DB00906,SAL0726
DB00907,SAL0727
DB00908,SAL0728
DB00908,SAL0729
DB00908,SAL0730
DB00908,SAL0731
DB00913,SAL0732
DB00913,SAL0733
DB00914,SAL0734
DB00915,SAL0735
DB00915,SAL0736
DB00916,SAL0737
DB00918,SAL0738
DB00919,SAL0739
DB00919,SAL0740
DB00919,SAL0741
DB00919,SAL0742
DB00919,SAL0743
DB00920,SAL0744
DB00921,SAL0745
DB00924,SAL0746
DB00925,SAL0747
DB00930,SAL0748
DB00931,SAL0749
DB00932,SAL0750
DB00933,SAL0751
DB00933,SAL0752
DB00934,SAL0753
DB00935,SAL0754
DB00936,SAL0755
DB00936,SAL0756
DB00936,SAL0757
DB00936,SAL0758
DB00937,SAL0759
DB00938,SAL0760
DB00939,SAL0761
DB00940,SAL0762
DB00941,SAL0763
DB00942,SAL0764
DB00944,SAL0765
DB00945,SAL0766
DB00948,SAL0767
DB00948,SAL0768
DB00950,SAL0769
DB00952,SAL0770
DB00953,SAL0771
DB00955,SAL0772
DB00956,SAL0773
DB00956,SAL0774
DB00956,SAL0775
DB00959,SAL0776
DB00961,SAL0777
DB00963,SAL0778
DB00964,SAL0779
DB00966,SAL0780
DB00968,SAL0781
DB00968,SAL0782
DB00969,SAL0783
DB00972,SAL0784
DB00978,SAL0785
DB00979,SAL0786
DB00981,SAL0787
DB00981,SAL0788
DB00983,SAL0789
DB00986,SAL0790
DB00986,SAL0791
DB00987,SAL0792
DB00988,SAL0793
DB00989,SAL0794
DB00991,SAL0795
DB00992,SAL0796
DB00993,SAL0797
DB00994,SAL0798
DB00994,SAL0799
DB00997,SAL0800
DB00997,SAL0801
DB00998,SAL0802
DB00998,SAL0803
DB01001,SAL0804
DB01002,SAL0805
DB01003,SAL0806
DB01004,SAL0807
DB01007,SAL0808
DB01009,SAL0809
DB01009,SAL0810
DB01010,SAL0811
DB01010,SAL0812
DB01012,SAL0813
DB01014,SAL0814
DB01017,SAL0815
DB01018,SAL0816
DB01019,SAL0817
DB01024,SAL0818
DB01029,SAL0819
DB01030,SAL0820
DB01033,SAL0821
DB01035,SAL0822
DB01036,SAL0823
DB01037,SAL0824
DB01038,SAL0825
DB01042,SAL0826
DB01043,SAL0827
DB01044,SAL0828
DB01044,SAL0829
DB01045,SAL0830
DB01048,SAL0831
DB01048,SAL0832
DB01048,SAL0833
DB01050,SAL0834
DB01050,SAL0835
DB01050,SAL0836
DB01050,SAL0837
DB01050,SAL0838
DB01051,SAL0839
DB01053,SAL0840
DB01053,SAL0841
DB01053,SAL0842
DB01053,SAL0843
DB01053,SAL0844
DB01053,SAL0845
DB01056,SAL0846
DB01057,SAL0847
DB01060,SAL0848
DB01060,SAL0849
DB01061,SAL0850
DB01062,SAL0851
DB01063,SAL0852
DB01064,SAL0853
DB01064,SAL0854
DB01066,SAL0855
DB01069,SAL0856
DB01069,SAL0857
DB01072,SAL0858
DB01073,SAL0859
DB01074,SAL0860
DB01075,SAL0861
DB01075,SAL0862
DB01075,SAL0863
DB01075,SAL0864
DB01076,SAL0865
DB01076,SAL0866
DB01077,SAL0867
DB01079,SAL0868
DB01081,SAL0869
DB01082,SAL0870
DB01084,SAL0871
DB01085,SAL0872
DB01085,SAL0873
DB01085,SAL0874
DB01086,SAL0875
DB01087,SAL0876
DB01088,SAL0877
DB01089,SAL0878
DB01090,SAL0879
DB01091,SAL0880
DB01095,SAL0881
DB01098,SAL0882
DB01098,SAL0883
DB01102,SAL0884
DB01103,SAL0885
DB01103,SAL0886
DB01104,SAL0887
DB01105,SAL0888
DB01106,SAL0889
DB01109,SAL0890
DB01109,SAL0891
DB01110,SAL0892
DB01111,SAL0893
DB01112,SAL0894
DB01112,SAL0895
DB01113,SAL0896
DB01113,SAL0897
DB01113,SAL0898
DB01114,SAL0899
DB01114,SAL0900
DB01114,SAL0901
DB01114,SAL0902
DB01116,SAL0903
DB01118,SAL0904
DB01119,SAL0905
DB01122,SAL0906
DB01123,SAL0907
DB01124,SAL0908
DB01127,SAL0909
DB01129,SAL0910
DB01131,SAL0911
DB01132,SAL0912
DB01133,SAL0913
DB01135,SAL0914
DB01136,SAL0915
DB01137,SAL0916
DB01139,SAL0917
DB01139,SAL0918
DB01140,SAL0919
DB01140,SAL0920
DB01140,SAL0921
DB01141,SAL0922
DB01142,SAL0923
DB01143,SAL0924
DB01145,SAL0925
DB01146,SAL0926
DB01147,SAL0927
DB01147,SAL0928
DB01147,SAL0929
DB01148,SAL0930
DB01149,SAL0931
DB01150,SAL0932
DB01151,SAL0933
DB01153,SAL0934
DB01154,SAL0935
DB01155,SAL0936
DB01156,SAL0937
DB01156,SAL0938
DB01157,SAL0939
DB01158,SAL0940
DB01161,SAL0941
DB01162,SAL0942
DB01162,SAL0943
DB01164,SAL0944
DB01164,SAL0945
DB01165,SAL0946
DB01168,SAL0947
DB01170,SAL0948
DB01170,SAL0949
DB01172,SAL0950
DB01173,SAL0951
DB01173,SAL0952
DB01174,SAL0953
DB01175,SAL0954
DB01176,SAL0955
DB01176,SAL0956
DB01177,SAL0957
DB01182,SAL0958
DB01183,SAL0959
DB01183,SAL0960
DB01184,SAL0961
DB01186,SAL0962
DB01188,SAL0963
DB01190,SAL0964
DB01190,SAL0965
DB01190,SAL0966
DB01192,SAL0967
DB01193,SAL0968
DB01195,SAL0969
DB01196,SAL0970
DB01196,SAL0971
DB01199,SAL0972
DB01200,SAL0973
DB01201,SAL0974
DB01204,SAL0975
DB01210,SAL0976
DB01211,SAL0977
DB01212,SAL0978
DB01213,SAL0979
DB01214,SAL0980
DB01218,SAL0981
DB01219,SAL0982
DB01221,SAL0983
DB01223,SAL0984
DB01224,SAL0985
DB01225,SAL0986
DB01226,SAL0987
DB01227,SAL0988
DB01228,SAL0989
DB01231,SAL0990
DB01232,SAL0991
DB01233,SAL0992
DB01233,SAL0993
DB01234,SAL0994
DB01234,SAL0995
DB01237,SAL0996
DB01239,SAL0997
DB01240,SAL0998
DB01242,SAL0999
DB01244,SAL1000
DB01244,SAL1001
DB01245,SAL1002
DB01246,SAL1003
DB01248,SAL1004
DB01250,SAL1005
DB01252,SAL1006
DB01253,SAL1007
DB01254,SAL1008
DB01254,SAL1009
DB01255,SAL1010
DB01259,SAL1011
DB01261,SAL1012
DB01261,SAL1013
DB01261,SAL1014
DB01261,SAL1015
DB01261,SAL1016
DB01264,SAL1017
DB01264,SAL1018
DB01264,SAL1019
DB01267,SAL1020
DB01268,SAL1021
DB01273,SAL1022
DB01274,SAL1023
DB01275,SAL1024
DB01278,SAL1025
DB01284,SAL1026
DB01288,SAL1027
DB01291,SAL1028
DB01291,SAL1029
DB01295,SAL1030
DB01296,SAL1031
DB01296,SAL1032
DB01296,SAL1033
DB01296,SAL1034
DB01297,SAL1035
DB01319,SAL1036
DB01319,SAL1037
DB01320,SAL1038
DB01326,SAL1039
DB01327,SAL1040
DB01328,SAL1041
DB01329,SAL1042
DB01330,SAL1043
DB01331,SAL1044
DB01332,SAL1045
DB01333,SAL1046
DB01336,SAL1047
DB01337,SAL1048
DB01338,SAL1049
DB01339,SAL1050
DB01340,SAL1051
DB01344,SAL1052
DB01344,SAL1053
DB01344,SAL1054
DB01347,SAL1055
DB01348,SAL1056
DB01351,SAL1057
DB01352,SAL1058
DB01355,SAL1059
DB01359,SAL1060
DB01364,SAL1061
DB01364,SAL1062
DB01364,SAL1063
DB01365,SAL1064
DB01366,SAL1065
DB01366,SAL1066
DB01367,SAL1067
DB01367,SAL1068
DB01369,SAL1069
DB01388,SAL1070
DB01392,SAL1071
DB01397,SAL1072
DB01400,SAL1073
DB01400,SAL1074
DB01403,SAL1075
DB01403,SAL1076
DB01405,SAL1077
DB01407,SAL1078
DB01408,SAL1079
DB01409,SAL1080
DB01409,SAL1081
DB01411,SAL1082
DB01413,SAL1083
DB01414,SAL1084
DB01415,SAL1085
DB01416,SAL1086
DB01416,SAL1087
DB01421,SAL1088
DB01423,SAL1089
DB01425,SAL1090
DB01427,SAL1091
DB01429,SAL1092
DB01430,SAL1093
DB01433,SAL1094
DB01438,SAL1095
DB01440,SAL1096
DB01440,SAL1097
DB01440,SAL1098
DB01452,SAL1099
DB01454,SAL1100
DB01463,SAL1101
DB01465,SAL1102
DB01466,SAL1103
DB01478,SAL1104
DB01482,SAL1105
DB01497,SAL1106
DB01501,SAL1107
DB01520,SAL1108
DB01528,SAL1109
DB01535,SAL1110
DB01546,SAL1111
DB01548,SAL1112
DB01551,SAL1113
DB01551,SAL1114
DB01551,SAL1115
DB01551,SAL1116
DB01551,SAL1117
DB01556,SAL1118
DB01576,SAL1119
DB01576,SAL1120
DB01576,SAL1121
DB01577,SAL1122
DB01577,SAL1123
DB01579,SAL1124
DB01580,SAL1125
DB01581,SAL1126
DB01582,SAL1127
DB01591,SAL1128
DB01591,SAL1129
DB01597,SAL1130
DB01598,SAL1131
DB01602,SAL1132
DB01603,SAL1133
DB01603,SAL1134
DB01605,SAL1135
DB01606,SAL1136
DB01607,SAL1137
DB01610,SAL1138
DB01611,SAL1139
DB01614,SAL1140
DB01616,SAL1141
DB01618,SAL1142
DB01619,SAL1143
DB01620,SAL1144
DB01621,SAL1145
DB01623,SAL1146
DB01624,SAL1147
DB01624,SAL1148
DB01624,SAL1149
DB01625,SAL1150
DB01625,SAL1151
DB01626,SAL1152
DB01627,SAL1153
DB01627,SAL1154
DB01628,SAL1155
DB01698,SAL1156
DB01718,SAL1157
DB01718,SAL1158
DB01718,SAL1159
DB01718,SAL1160
DB01764,SAL1161
DB01783,SAL1162
DB01783,SAL1163
DB01839,SAL1164
DB01901,SAL1165
DB01914,SAL1166
DB01942,SAL1167
DB01987,SAL1168
DB01987,SAL1169
DB02034,SAL1170
DB02234,SAL1171
DB02234,SAL1172
DB02240,SAL1173
DB02300,SAL1174
DB02329,SAL1175
DB02362,SAL1176
DB02362,SAL1177
DB02530,SAL1178
DB02557,SAL1179
DB02579,SAL1180
DB02579,SAL1181
DB02638,SAL1182
DB02656,SAL1183
DB02701,SAL1184
DB02703,SAL1185
DB02703,SAL1186
DB02751,SAL1187
DB02751,SAL1188
DB02779,SAL1189
DB02843,SAL1190
DB02948,SAL1191
DB03052,SAL1192
DB03088,SAL1193
DB03088,SAL1194
DB03088,SAL1195
DB03128,SAL1196
DB03147,SAL1197
DB03201,SAL1198
DB03206,SAL1199
DB03209,SAL1200
DB03229,SAL1201
DB03247,SAL1202
DB03247,SAL1203
DB03247,SAL1204
DB03403,SAL1205
DB03424,SAL1206
DB03496,SAL1207
DB03523,SAL1208
DB03568,SAL1209
DB03568,SAL1210
DB03575,SAL1211
DB03585,SAL1212
DB03604,SAL1213
DB03615,SAL1214
DB03619,SAL1215
DB03695,SAL1216
DB03701,SAL1217
DB03756,SAL1218
DB03766,SAL1219
DB03785,SAL1220
DB03793,SAL1221
DB03793,SAL1222
DB03796,SAL1223
DB03808,SAL1224
DB03884,SAL1225
DB03945,SAL1226
DB03994,SAL1227
DB03994,SAL1228
DB03995,SAL1229
DB04017,SAL1230
DB04074,SAL1231
DB04115,SAL1232
DB04115,SAL1233
DB04160,SAL1234
DB04160,SAL1235
DB04209,SAL1236
DB04209,SAL1237
DB04209,SAL1238
DB04209,SAL1239
DB04209,SAL1240
DB04221,SAL1241
DB04224,SAL1242
DB04224,SAL1243
DB04267,SAL1244
DB04272,SAL1245
DB04339,SAL1246
DB04348,SAL1247
DB04365,SAL1248
DB04398,SAL1249
DB04398,SAL1250
DB04465,SAL1251
DB04500,SAL1252
DB04545,SAL1253
DB04570,SAL1254
DB04574,SAL1255
DB04574,SAL1256
DB04574,SAL1257
DB04620,SAL1258
DB04626,SAL1259
DB04711,SAL1260
DB04711,SAL1261
DB04729,SAL1262
DB04786,SAL1263
DB04813,SAL1264
DB04817,SAL1265
DB04817,SAL1266
DB04817,SAL1267
DB04818,SAL1268
DB04819,SAL1269
DB04819,SAL1270
DB04821,SAL1271
DB04822,SAL1272
DB04825,SAL1273
DB04828,SAL1274
DB04828,SAL1275
DB04830,SAL1276
DB04832,SAL1277
DB04834,SAL1278
DB04836,SAL1279
DB04837,SAL1280
DB04837,SAL1281
DB04840,SAL1282
DB04841,SAL1283
DB04843,SAL1284
DB04846,SAL1285
DB04849,SAL1286
DB04851,SAL1287
DB04854,SAL1288
DB04855,SAL1289
DB04860,SAL1290
DB04861,SAL1291
DB04865,SAL1292
DB04866,SAL1293
DB04866,SAL1294
DB04868,SAL1295
DB04871,SAL1296
DB04871,SAL1297
DB04881,SAL1298
DB04884,SAL1299
DB04888,SAL1300
DB04889,SAL1301
DB04890,SAL1302
DB04894,SAL1303
DB04896,SAL1304
DB04905,SAL1305
DB04908,SAL1306
DB04911,SAL1307
DB04924,SAL1308
DB04931,SAL1309
DB04932,SAL1310
DB04933,SAL1311
DB04948,SAL1312
DB04967,SAL1313
DB04972,SAL1314
DB04983,SAL1315
DB05018,SAL1316
DB05022,SAL1317
DB05025,SAL1318
DB05025,SAL1319
DB05039,SAL1320
DB05039,SAL1321
DB05063,SAL1322
DB05088,SAL1323
DB05137,SAL1324
DB05143,SAL1325
DB05220,SAL1326
DB05223,SAL1327
DB05229,SAL1328
DB05239,SAL1329
DB05255,SAL1330
DB05259,SAL1331
DB05260,SAL1332
DB05265,SAL1333
DB05271,SAL1334
DB05273,SAL1335
DB05296,SAL1336
DB05316,SAL1337
DB05351,SAL1338
DB05381,SAL1339
DB05381,SAL1340
DB05383,SAL1341
DB05395,SAL1342
DB05422,SAL1343
DB05422,SAL1344
DB05424,SAL1345
DB05460,SAL1346
DB05487,SAL1347
DB05513,SAL1348
DB05519,SAL1349
DB05528,SAL1350
DB05542,SAL1351
DB05553,SAL1352
DB05565,SAL1353
DB05575,SAL1354
DB05575,SAL1355
DB05585,SAL1356
DB05586,SAL1357
DB05590,SAL1358
DB05592,SAL1359
DB05611,SAL1360
DB05625,SAL1361
DB05626,SAL1362
DB05638,SAL1363
DB05645,SAL1364
DB05697,SAL1365
DB05710,SAL1366
DB05738,SAL1367
DB05779,SAL1368
DB05804,SAL1369
DB05808,SAL1370
DB05812,SAL1371
DB05928,SAL1372
DB05932,SAL1373
DB05938,SAL1374
DB05964,SAL1375
DB05974,SAL1376
DB06005,SAL1377
DB06013,SAL1378
DB06016,SAL1379
DB06040,SAL1380
DB06077,SAL1381
DB06090,SAL1382
DB06090,SAL1383
DB06094,SAL1384
DB06134,SAL1385
DB06140,SAL1386
DB06140,SAL1387
DB06147,SAL1388
DB06148,SAL1389
DB06150,SAL1390
DB06152,SAL1391
DB06153,SAL1392
DB06155,SAL1393
DB06156,SAL1394
DB06156,SAL1395
DB06157,SAL1396
DB06160,SAL1397
DB06174,SAL1398
DB06178,SAL1399
DB06182,SAL1400
DB06185,SAL1401
DB06187,SAL1402
DB06188,SAL1403
DB06190,SAL1404
DB06191,SAL1405
DB06193,SAL1406
DB06196,SAL1407
DB06197,SAL1408
DB06199,SAL1409
DB06202,SAL1410
DB06202,SAL1411
DB06203,SAL1412
DB06204,SAL1413
DB06206,SAL1414
DB06209,SAL1415
DB06209,SAL1416
DB06210,SAL1417
DB06210,SAL1418
DB06211,SAL1419
DB06213,SAL1420
DB06216,SAL1421
DB06217,SAL1422
DB06219,SAL1423
DB06224,SAL1424
DB06230,SAL1425
DB06230,SAL1426
DB06231,SAL1427
DB06235,SAL1428
DB06243,SAL1429
DB06249,SAL1430
DB06251,SAL1431
DB06255,SAL1432
DB06261,SAL1433
DB06263,SAL1434
DB06264,SAL1435
DB06268,SAL1436
DB06274,SAL1437
DB06282,SAL1438
DB06283,SAL1439
DB06285,SAL1440
DB06290,SAL1441
DB06292,SAL1442
DB06294,SAL1443
DB06325,SAL1444
DB06328,SAL1445
DB06333,SAL1446
DB06335,SAL1447
DB06335,SAL1448
DB06335,SAL1449
DB06346,SAL1450
DB06347,SAL1451
DB06350,SAL1452
DB06354,SAL1453
DB06358,SAL1454
DB06393,SAL1455
DB06401,SAL1456
DB06402,SAL1457
DB06406,SAL1458
DB06408,SAL1459
DB06429,SAL1460
DB06433,SAL1461
DB06441,SAL1462
DB06442,SAL1463
DB06451,SAL1464
DB06454,SAL1465
DB06458,SAL1466
DB06461,SAL1467
DB06468,SAL1468
DB06470,SAL1469
DB06477,SAL1470
DB06480,SAL1471
DB06480,SAL1472
DB06486,SAL1473
DB06497,SAL1474
DB06506,SAL1475
DB06518,SAL1476
DB06519,SAL1477
DB06525,SAL1478
DB06527,SAL1479
DB06530,SAL1480
DB06532,SAL1481
DB06556,SAL1482
DB06580,SAL1483
DB06587,SAL1484
DB06589,SAL1485
DB06590,SAL1486
DB06590,SAL1487
DB06598,SAL1488
DB06603,SAL1489
DB06603,SAL1490
DB06608,SAL1491
DB06614,SAL1492
DB06616,SAL1493
DB06618,SAL1494
DB06620,SAL1495
DB06623,SAL1496
DB06623,SAL1497
DB06634,SAL1498
DB06635,SAL1499
DB06636,SAL1500
DB06642,SAL1501
DB06645,SAL1502
DB06652,SAL1503
DB06652,SAL1504
DB06654,SAL1505
DB06660,SAL1506
DB06662,SAL1507
DB06663,SAL1508
DB06663,SAL1509
DB06663,SAL1510
DB06677,SAL1511
DB06678,SAL1512
DB06678,SAL1513
DB06684,SAL1514
DB06685,SAL1515
DB06691,SAL1516
DB06691,SAL1517
DB06694,SAL1518
DB06695,SAL1519
DB06696,SAL1520
DB06698,SAL1521
DB06698,SAL1522
DB06698,SAL1523
DB06699,SAL1524
DB06700,SAL1525
DB06700,SAL1526
DB06700,SAL1527
DB06700,SAL1528
DB06701,SAL1529
DB06702,SAL1530
DB06704,SAL1531
DB06704,SAL1532
DB06704,SAL1533
DB06704,SAL1534
DB06704,SAL1535
DB06705,SAL1536
DB06706,SAL1537
DB06709,SAL1538
DB06711,SAL1539
DB06711,SAL1540
DB06716,SAL1541
DB06717,SAL1542
DB06719,SAL1543
DB06723,SAL1544
DB06723,SAL1545
DB06726,SAL1546
DB06727,SAL1547
DB06728,SAL1548
DB06728,SAL1549
DB06728,SAL1550
DB06731,SAL1551
DB06735,SAL1552
DB06738,SAL1553
DB06738,SAL1554
DB06741,SAL1555
DB06742,SAL1556
DB06751,SAL1557
DB06753,SAL1558
DB06754,SAL1559
DB06756,SAL1560
DB06756,SAL1561
DB06757,SAL1562
DB06757,SAL1563
DB06757,SAL1564
DB06759,SAL1565
DB06762,SAL1566
DB06763,SAL1567
DB06764,SAL1568
DB06769,SAL1569
DB06769,SAL1570
DB06771,SAL1571
DB06778,SAL1572
DB06779,SAL1573
DB06785,SAL1574
DB06787,SAL1575
DB06788,SAL1576
DB06791,SAL1577
DB06792,SAL1578
DB06793,SAL1579
DB06794,SAL1580
DB06795,SAL1581
DB06796,SAL1582
DB06799,SAL1583
DB06799,SAL1584
DB06799,SAL1585
DB06799,SAL1586
DB06799,SAL1587
DB06799,SAL1588
DB06799,SAL1589
DB06800,SAL1590
DB06809,SAL1591
DB06814,SAL1592
DB06815,SAL1593
DB06815,SAL1594
DB06816,SAL1595
DB06817,SAL1596
DB06819,SAL1597
DB06820,SAL1598
DB06824,SAL1599
DB06824,SAL1600
DB06825,SAL1601
DB06825,SAL1602
DB06826,SAL1603
DB06827,SAL1604
DB07338,SAL1605
DB07556,SAL1606
DB07565,SAL1607
DB07931,SAL1608
DB08162,SAL1609
DB08387,SAL1610
DB08439,SAL1611
DB08639,SAL1612
DB08799,SAL1613
DB08799,SAL1614
DB08799,SAL1615
DB08800,SAL1616
DB08801,SAL1617
DB08802,SAL1618
DB08806,SAL1619
DB08808,SAL1620
DB08809,SAL1621
DB08810,SAL1622
DB08813,SAL1623
DB08815,SAL1624
DB08818,SAL1625
DB08818,SAL1626
DB08818,SAL1627
DB08822,SAL1628
DB08827,SAL1629
DB08834,SAL1630
DB08836,SAL1631
DB08837,SAL1632
DB08837,SAL1633
DB08837,SAL1634
DB08837,SAL1635
DB08837,SAL1636
DB08838,SAL1637
DB08839,SAL1638
DB08841,SAL1639
DB08848,SAL1640
DB08860,SAL1641
DB08860,SAL1642
DB08860,SAL1643
DB08864,SAL1644
DB08867,SAL1645
DB08868,SAL1646
DB08868,SAL1647
DB08869,SAL1648
DB08871,SAL1649
DB08875,SAL1650
DB08877,SAL1651
DB08877,SAL1652
DB08883,SAL1653
DB08884,SAL1654
DB08890,SAL1655
DB08894,SAL1656
DB08895,SAL1657
DB08896,SAL1658
DB08897,SAL1659
DB08901,SAL1660
DB08903,SAL1661
DB08907,SAL1662
DB08911,SAL1663
DB08912,SAL1664
DB08916,SAL1665
DB08918,SAL1666
DB08926,SAL1667
DB08930,SAL1668
DB08936,SAL1669
DB08941,SAL1670
DB08943,SAL1671
DB08944,SAL1672
DB08944,SAL1673
DB08945,SAL1674
DB08948,SAL1675
DB08950,SAL1676
DB08954,SAL1677
DB08956,SAL1678
DB08957,SAL1679
DB08960,SAL1680
DB08966,SAL1681
DB08967,SAL1682
DB08968,SAL1683
DB08978,SAL1684
DB08979,SAL1685
DB08982,SAL1686
DB08985,SAL1687
DB08986,SAL1688
DB08987,SAL1689
DB08988,SAL1690
DB08988,SAL1691
DB08990,SAL1692
DB08991,SAL1693
DB08992,SAL1694
DB08993,SAL1695
DB08996,SAL1696
DB08996,SAL1697
DB08997,SAL1698
DB08998,SAL1699
DB08999,SAL1700
DB09002,SAL1701
DB09003,SAL1702
DB09004,SAL1703
DB09007,SAL1704
DB09008,SAL1705
DB09009,SAL1706
DB09013,SAL1707
DB09014,SAL1708
DB09015,SAL1709
DB09016,SAL1710
DB09019,SAL1711
DB09021,SAL1712
DB09022,SAL1713
DB09026,SAL1714
DB09030,SAL1715
DB09039,SAL1716
DB09047,SAL1717
DB09049,SAL1718
DB09050,SAL1719
DB09056,SAL1720
DB09059,SAL1721
DB09060,SAL1722
DB09062,SAL1723
DB09062,SAL1724
DB09068,SAL1725
DB09068,SAL1726
DB09069,SAL1727
DB09073,SAL1728
DB09075,SAL1729
DB09075,SAL1730
DB09076,SAL1731
DB09078,SAL1732
DB09079,SAL1733
DB09080,SAL1734
DB09082,SAL1735
DB09083,SAL1736
DB09083,SAL1737
DB09084,SAL1738
DB09085,SAL1739
DB09087,SAL1740
DB09088,SAL1741
DB09089,SAL1742
DB09089,SAL1743
DB09090,SAL1744
DB09091,SAL1745
DB09092,SAL1746
DB09093,SAL1747
DB09093,SAL1748
DB09093,SAL1749
DB09095,SAL1750
DB09097,SAL1751
DB09099,SAL1752
DB09102,SAL1753
DB09110,SAL1754
DB09112,SAL1755
DB09112,SAL1756
DB09116,SAL1757
DB09125,SAL1758
DB09128,SAL1759
DB09129,SAL1760
DB09131,SAL1761
DB09132,SAL1762
DB09133,SAL1763
DB09133,SAL1764
DB09133,SAL1765
DB09133,SAL1766
DB09136,SAL1767
DB09138,SAL1768
DB09143,SAL1769
DB09154,SAL1770
DB09158,SAL1771
DB09167,SAL1772
DB09181,SAL1773
DB09183,SAL1774
DB09183,SAL1775
DB09184,SAL1776
DB09185,SAL1777
DB09194,SAL1778
DB09196,SAL1779
DB09197,SAL1780
DB09198,SAL1781
DB09200,SAL1782
DB09203,SAL1783
DB09205,SAL1784
DB09206,SAL1785
DB09212,SAL1786
DB09214,SAL1787
DB09218,SAL1788
DB09224,SAL1789
DB09226,SAL1790
DB09227,SAL1791
DB09231,SAL1792
DB09235,SAL1793
DB09237,SAL1794
DB09238,SAL1795
DB09239,SAL1796
DB09241,SAL1797
DB09242,SAL1798
DB09244,SAL1799
DB09244,SAL1800
DB09250,SAL1801
DB09255,SAL1802
DB09255,SAL1803
DB09255,SAL1804
DB09255,SAL1805
DB09255,SAL1806
DB09255,SAL1807
DB09255,SAL1808
DB09255,SAL1809
DB09255,SAL1810
DB09258,SAL1811
DB09263,SAL1812
DB09268,SAL1813
DB09268,SAL1814
DB09269,SAL1815
DB09270,SAL1816
DB09271,SAL1817
DB09274,SAL1818
DB09275,SAL1819
DB09279,SAL1820
DB09279,SAL1821
DB09281,SAL1822
DB09284,SAL1823
DB09286,SAL1824
DB09287,SAL1825
DB09288,SAL1826
DB09289,SAL1827
DB09290,SAL1828
DB09291,SAL1829
DB09291,SAL1830
DB09293,SAL1831
DB09296,SAL1832
DB09297,SAL1833
DB09298,SAL1834
DB09299,SAL1835
DB09300,SAL1836
DB09301,SAL1837
DB09301,SAL1838
DB09301,SAL1839
DB09301,SAL1840
DB09301,SAL1841
DB09301,SAL1842
DB09301,SAL1843
DB09301,SAL1844
DB09304,SAL1845
DB09305,SAL1846
DB09306,SAL1847
DB09309,SAL1848
DB09313,SAL1849
DB09313,SAL1850
DB09314,SAL1851
DB09319,SAL1852
DB09322,SAL1853
DB09322,SAL1854
DB09322,SAL1855
DB09324,SAL1856
DB09324,SAL1857
DB09330,SAL1858
DB09333,SAL1859
DB09333,SAL1860
DB09335,SAL1861
DB09338,SAL1862
DB09340,SAL1863
DB09342,SAL1864
DB09343,SAL1865
DB09345,SAL1866
DB09346,SAL1867
DB09346,SAL1868
DB09346,SAL1869
DB09346,SAL1870
DB09347,SAL1871
DB09351,SAL1872
DB09352,SAL1873
DB09355,SAL1874
DB09374,SAL1875
DB09376,SAL1876
DB09388,SAL1877
DB09395,SAL1878
DB09398,SAL1879
DB09407,SAL1880
DB09407,SAL1881
DB09415,SAL1882
DB09420,SAL1883
DB09421,SAL1884
DB09421,SAL1885
DB09421,SAL1886
DB09425,SAL1887
DB09449,SAL1888
DB09449,SAL1889
DB09456,SAL1890
DB09456,SAL1891
DB09456,SAL1892
DB09456,SAL1893
DB09456,SAL1894
DB09456,SAL1895
DB09456,SAL1896
DB09456,SAL1897
DB09472,SAL1898
DB09477,SAL1899
DB09479,SAL1900
DB09480,SAL1901
DB09481,SAL1902
DB09499,SAL1903
DB09499,SAL1904
DB09532,SAL1905
DB09552,SAL1906
DB09561,SAL1907
DB09570,SAL1908
DB10276,SAL1909
DB10276,SAL1910
DB10276,SAL1911
DB10276,SAL1912
DB10276,SAL1913
DB10276,SAL1914
DB10989,SAL1915
DB10989,SAL1916
DB11056,SAL1917
DB11059,SAL1918
DB11068,SAL1919
DB11073,SAL1920
DB11073,SAL1921
DB11074,SAL1922
DB11075,SAL1923
DB11075,SAL1924
DB11075,SAL1925
DB11075,SAL1926
DB11075,SAL1927
DB11075,SAL1928
DB11075,SAL1929
DB11075,SAL1930
DB11075,SAL1931
DB11081,SAL1932
DB11089,SAL1933
DB11089,SAL1934
DB11089,SAL1935
DB11093,SAL1936
DB11093,SAL1937
DB11105,SAL1938
DB11105,SAL1939
DB11117,SAL1940
DB11120,SAL1941
DB11123,SAL1942
DB11124,SAL1943
DB11125,SAL1944
DB11126,SAL1945
DB11127,SAL1946
DB11127,SAL1947
DB11140,SAL1948
DB11140,SAL1949
DB11145,SAL1950
DB11145,SAL1951
DB11145,SAL1952
DB11145,SAL1953
DB11145,SAL1954
DB11148,SAL1955
DB11152,SAL1956
DB11154,SAL1957
DB11156,SAL1958
DB11156,SAL1959
DB11156,SAL1960
DB11160,SAL1961
DB11160,SAL1962
DB11164,SAL1963
DB11181,SAL1964
DB11182,SAL1965
DB11182,SAL1966
DB11185,SAL1967
DB11186,SAL1968
DB11186,SAL1969
DB11192,SAL1970
DB11202,SAL1971
DB11210,SAL1972
DB11228,SAL1973
DB11228,SAL1974
DB11228,SAL1975
DB11228,SAL1976
DB11228,SAL1977
DB11228,SAL1978
DB11235,SAL1979
DB11239,SAL1980
DB11239,SAL1981
DB11248,SAL1982
DB11256,SAL1983
DB11256,SAL1984
DB11256,SAL1985
DB11273,SAL1986
DB11274,SAL1987
DB11275,SAL1988
DB11278,SAL1989
DB11279,SAL1990
DB11296,SAL1991
DB11306,SAL1992
DB11315,SAL1993
DB11318,SAL1994
DB11327,SAL1995
DB11331,SAL1996
DB11348,SAL1997
DB11348,SAL1998
DB11352,SAL1999
DB11359,SAL2000
DB11359,SAL2001
DB11363,SAL2002
DB11365,SAL2003
DB11374,SAL2004
DB11386,SAL2005
DB11393,SAL2006
DB11427,SAL2007
DB11428,SAL2008
DB11430,SAL2009
DB11441,SAL2010
DB11442,SAL2011
DB11442,SAL2012
DB11461,SAL2013
DB11461,SAL2014
DB11464,SAL2015
DB11468,SAL2016
DB11471,SAL2017
DB11475,SAL2018
DB11475,SAL2019
DB11477,SAL2020
DB11479,SAL2021
DB11481,SAL2022
DB11485,SAL2023
DB11485,SAL2024
DB11490,SAL2025
DB11491,SAL2026
DB11496,SAL2027
DB11499,SAL2028
DB11501,SAL2029
DB11502,SAL2030
DB11504,SAL2031
DB11504,SAL2032
DB11505,SAL2033
DB11507,SAL2034
DB11510,SAL2035
DB11511,SAL2036
DB11512,SAL2037
DB11513,SAL2038
DB11516,SAL2039
DB11517,SAL2040
DB11518,SAL2041
DB11519,SAL2042
DB11521,SAL2043
DB11525,SAL2044
DB11526,SAL2045
DB11528,SAL2046
DB11530,SAL2047
DB11537,SAL2048
DB11540,SAL2049
DB11541,SAL2050
DB11542,SAL2051
DB11543,SAL2052
DB11544,SAL2053
DB11545,SAL2054
DB11547,SAL2055
DB11549,SAL2056
DB11552,SAL2057
DB11554,SAL2058
DB11555,SAL2059
DB11556,SAL2060
DB11561,SAL2061
DB11575,SAL2062
DB11577,SAL2063
DB11583,SAL2064
DB11583,SAL2065
DB11584,SAL2066
DB11587,SAL2067
DB11594,SAL2068
DB11596,SAL2069
DB11596,SAL2070
DB11596,SAL2071
DB11602,SAL2072
DB11602,SAL2073
DB11602,SAL2074
DB11602,SAL2075
DB11602,SAL2076
DB11602,SAL2077
DB11602,SAL2078
DB11602,SAL2079
DB11602,SAL2080
DB11602,SAL2081
DB11602,SAL2082
DB11602,SAL2083
DB11602,SAL2084
DB11609,SAL2085
DB11610,SAL2086
DB11611,SAL2087
DB11614,SAL2088
DB11614,SAL2089
DB11616,SAL2090
DB11617,SAL2091
DB11618,SAL2092
DB11620,SAL2093
DB11622,SAL2094
DB11627,SAL2095
DB11627,SAL2096
DB11628,SAL2097
DB11640,SAL2098
DB11641,SAL2099
DB11642,SAL2100
DB11644,SAL2101
DB11648,SAL2102
DB11653,SAL2103
DB11659,SAL2104
DB11659,SAL2105
DB11659,SAL2106
DB11659,SAL2107
DB11659,SAL2108
DB11666,SAL2109
DB11673,SAL2110
DB11673,SAL2111
DB11675,SAL2112
DB11689,SAL2113
DB11691,SAL2114
DB11695,SAL2115
DB11695,SAL2116
DB11699,SAL2117
DB11699,SAL2118
DB11700,SAL2119
DB11703,SAL2120
DB11706,SAL2121
DB11706,SAL2122
DB11710,SAL2123
DB11711,SAL2124
DB11723,SAL2125
DB11724,SAL2126
DB11726,SAL2127
DB11730,SAL2128
DB11730,SAL2129
DB11732,SAL2130
DB11737,SAL2131
DB11738,SAL2132
DB11741,SAL2133
DB11744,SAL2134
DB11745,SAL2135
DB11751,SAL2136
DB11753,SAL2137
DB11758,SAL2138
DB11759,SAL2139
DB11760,SAL2140
DB11761,SAL2141
DB11763,SAL2142
DB11763,SAL2143
DB11774,SAL2144
DB11775,SAL2145
DB11779,SAL2146
DB11783,SAL2147
DB11785,SAL2148
DB11787,SAL2149
DB11789,SAL2150
DB11790,SAL2151
DB11791,SAL2152
DB11793,SAL2153
DB11793,SAL2154
DB11793,SAL2155
DB11796,SAL2156
DB11799,SAL2157
DB11800,SAL2158
DB11807,SAL2159
DB11808,SAL2160
DB11809,SAL2161
DB11812,SAL2162
DB11815,SAL2163
DB11815,SAL2164
DB11815,SAL2165
DB11819,SAL2166
DB11823,SAL2167
DB11824,SAL2168
DB11827,SAL2169
DB11828,SAL2170
DB11829,SAL2171
DB11829,SAL2172
DB11830,SAL2173
DB11832,SAL2174
DB11836,SAL2175
DB11836,SAL2176
DB11837,SAL2177
DB11842,SAL2178
DB11846,SAL2179
DB11854,SAL2180
DB11885,SAL2181
DB11886,SAL2182
DB11886,SAL2183
DB11886,SAL2184
DB11886,SAL2185
DB11890,SAL2186
DB11891,SAL2187
DB11895,SAL2188
DB11904,SAL2189
DB11909,SAL2190
DB11912,SAL2191
DB11915,SAL2192
DB11918,SAL2193
DB11924,SAL2194
DB11929,SAL2195
DB11935,SAL2196
DB11938,SAL2197
DB11941,SAL2198
DB11943,SAL2199
DB11947,SAL2200
DB11949,SAL2201
DB11957,SAL2202
DB11960,SAL2203
DB11963,SAL2204
DB11969,SAL2205
DB11975,SAL2206
DB11977,SAL2207
DB11978,SAL2208
DB11978,SAL2209
DB11979,SAL2210
DB11981,SAL2211
DB11995,SAL2212
DB12001,SAL2213
DB12004,SAL2214
DB12008,SAL2215
DB12008,SAL2216
DB12010,SAL2217
DB12013,SAL2218
DB12017,SAL2219
DB12017,SAL2220
DB12020,SAL2221
DB12022,SAL2222
DB12035,SAL2223
DB12036,SAL2224
DB12046,SAL2225
DB12054,SAL2226
DB12061,SAL2227
DB12062,SAL2228
DB12068,SAL2229
DB12071,SAL2230
DB12086,SAL2231
DB12088,SAL2232
DB12091,SAL2233
DB12093,SAL2234
DB12094,SAL2235
DB12094,SAL2236
DB12095,SAL2237
DB12105,SAL2238
DB12110,SAL2239
DB12110,SAL2240
DB12111,SAL2241
DB12123,SAL2242
DB12127,SAL2243
DB12127,SAL2244
DB12128,SAL2245
DB12134,SAL2246
DB12134,SAL2247
DB12140,SAL2248
DB12141,SAL2249
DB12143,SAL2250
DB12146,SAL2251
DB12151,SAL2252
DB12153,SAL2253
DB12154,SAL2254
DB12163,SAL2255
DB12184,SAL2256
DB12185,SAL2257
DB12190,SAL2258
DB12191,SAL2259
DB12192,SAL2260
DB12192,SAL2261
DB12196,SAL2262
DB12207,SAL2263
DB12212,SAL2264
DB12220,SAL2265
DB12225,SAL2266
DB12228,SAL2267
DB12229,SAL2268
DB12230,SAL2269
DB12234,SAL2270
DB12234,SAL2271
DB12235,SAL2272
DB12248,SAL2273
DB12251,SAL2274
DB12264,SAL2275
DB12273,SAL2276
DB12277,SAL2277
DB12278,SAL2278
DB12282,SAL2279
DB12283,SAL2280
DB12289,SAL2281
DB12293,SAL2282
DB12305,SAL2283
DB12313,SAL2284
DB12314,SAL2285
DB12321,SAL2286
DB12329,SAL2287
DB12332,SAL2288
DB12332,SAL2289
DB12333,SAL2290
DB12339,SAL2291
DB12340,SAL2292
DB12343,SAL2293
DB12353,SAL2294
DB12357,SAL2295
DB12359,SAL2296
DB12369,SAL2297
DB12371,SAL2298
DB12375,SAL2299
DB12377,SAL2300
DB12389,SAL2301
DB12390,SAL2302
DB12392,SAL2303
DB12394,SAL2304
DB12402,SAL2305
DB12403,SAL2306
DB12404,SAL2307
DB12404,SAL2308
DB12405,SAL2309
DB12418,SAL2310
DB12418,SAL2311
DB12418,SAL2312
DB12442,SAL2313
DB12455,SAL2314
DB12457,SAL2315
DB12458,SAL2316
DB12459,SAL2317
DB12471,SAL2318
DB12471,SAL2319
DB12483,SAL2320
DB12483,SAL2321
DB12485,SAL2322
DB12500,SAL2323
DB12526,SAL2324
DB12543,SAL2325
DB12554,SAL2326
DB12577,SAL2327
DB12597,SAL2328
DB12598,SAL2329
DB12604,SAL2330
DB12605,SAL2331
DB12612,SAL2332
DB12615,SAL2333
DB12624,SAL2334
DB12638,SAL2335
DB12645,SAL2336
DB12664,SAL2337
DB12668,SAL2338
DB12692,SAL2339
DB12712,SAL2340
DB12742,SAL2341
DB12755,SAL2342
DB12766,SAL2343
DB12769,SAL2344
DB12777,SAL2345
DB12778,SAL2346
DB12783,SAL2347
DB12784,SAL2348
DB12825,SAL2349
DB12831,SAL2350
DB12846,SAL2351
DB12865,SAL2352
DB12874,SAL2353
DB12879,SAL2354
DB12882,SAL2355
DB12883,SAL2356
DB12887,SAL2357
DB12901,SAL2358
DB12923,SAL2359
DB12930,SAL2360
DB12931,SAL2361
DB12931,SAL2362
DB12942,SAL2363
DB12945,SAL2364
DB12958,SAL2365
DB12958,SAL2366
DB12967,SAL2367
DB12975,SAL2368
DB12978,SAL2369
DB12997,SAL2370
DB13001,SAL2371
DB13005,SAL2372
DB13025,SAL2373
DB13061,SAL2374
DB13064,SAL2375
DB13069,SAL2376
DB13074,SAL2377
DB13076,SAL2378
DB13076,SAL2379
DB13080,SAL2380
DB13084,SAL2381
DB13089,SAL2382
DB13089,SAL2383
DB13089,SAL2384
DB13091,SAL2385
DB13092,SAL2386
DB13098,SAL2387
DB13103,SAL2388
DB13105,SAL2389
DB13115,SAL2390
DB13139,SAL2391
DB13139,SAL2392
DB13139,SAL2393
DB13142,SAL2394
DB13155,SAL2395
DB13158,SAL2396
DB13161,SAL2397
DB13165,SAL2398
DB13166,SAL2399
DB13180,SAL2400
DB13181,SAL2401
DB13190,SAL2402
DB13190,SAL2403
DB13191,SAL2404
DB13203,SAL2405
DB13206,SAL2406
DB13211,SAL2407
DB13216,SAL2408
DB13216,SAL2409
DB13229,SAL2410
DB13233,SAL2411
DB13235,SAL2412
DB13235,SAL2413
DB13238,SAL2414
DB13247,SAL2415
DB13254,SAL2416
DB13257,SAL2417
DB13257,SAL2418
DB13257,SAL2419
DB13257,SAL2420
DB13260,SAL2421
DB13262,SAL2422
DB13266,SAL2423
DB13270,SAL2424
DB13273,SAL2425
DB13282,SAL2426
DB13282,SAL2427
DB13296,SAL2428
DB13309,SAL2429
DB13312,SAL2430
DB13337,SAL2431
DB13345,SAL2432
DB13373,SAL2433
DB13377,SAL2434
DB13385,SAL2435
DB13393,SAL2436
DB13393,SAL2437
DB13393,SAL2438
DB13394,SAL2439
DB13400,SAL2440
DB13414,SAL2441
DB13434,SAL2442
DB13435,SAL2443
DB13444,SAL2444
DB13444,SAL2445
DB13445,SAL2446
DB13470,SAL2447
DB13481,SAL2448
DB13488,SAL2449
DB13497,SAL2450
DB13500,SAL2451
DB13501,SAL2452
DB13508,SAL2453
DB13515,SAL2454
DB13518,SAL2455
DB13529,SAL2456
DB13529,SAL2457
DB13539,SAL2458
DB13549,SAL2459
DB13550,SAL2460
DB13561,SAL2461
DB13565,SAL2462
DB13569,SAL2463
DB13573,SAL2464
DB13574,SAL2465
DB13585,SAL2466
DB13588,SAL2467
DB13619,SAL2468
DB13624,SAL2469
DB13630,SAL2470
DB13642,SAL2471
DB13648,SAL2472
DB13660,SAL2473
DB13667,SAL2474
DB13669,SAL2475
DB13670,SAL2476
DB13674,SAL2477
DB13681,SAL2478
DB13682,SAL2479
DB13683,SAL2480
DB13692,SAL2481
DB13693,SAL2482
DB13694,SAL2483
DB13700,SAL2484
DB13720,SAL2485
DB13729,SAL2486
DB13751,SAL2487
DB13751,SAL2488
DB13753,SAL2489
DB13755,SAL2490
DB13759,SAL2491
DB13772,SAL2492
DB13774,SAL2493
DB13775,SAL2494
DB13779,SAL2495
DB13781,SAL2496
DB13787,SAL2497
DB13787,SAL2498
DB13787,SAL2499
DB13787,SAL2500
DB13800,SAL2501
DB13808,SAL2502
DB13823,SAL2503
DB13827,SAL2504
DB13844,SAL2505
DB13845,SAL2506
DB13850,SAL2507
DB13858,SAL2508
DB13862,SAL2509
DB13862,SAL2510
DB13863,SAL2511
DB13873,SAL2512
DB13874,SAL2513
DB13875,SAL2514
DB13875,SAL2515
DB13914,SAL2516
DB13917,SAL2517
DB13920,SAL2518
DB13930,SAL2519
DB13931,SAL2520
DB13931,SAL2521
DB13941,SAL2522
DB13950,SAL2523
DB13967,SAL2524
DB13967,SAL2525
DB13970,SAL2526
DB13976,SAL2527
DB13979,SAL2528
DB13980,SAL2529
DB13982,SAL2530
DB13987,SAL2531
DB13988,SAL2532
DB14007,SAL2533
DB14007,SAL2534
DB14018,SAL2535
DB14025,SAL2536
DB14034,SAL2537
DB14035,SAL2538
DB14044,SAL2539
DB14056,SAL2540
DB14061,SAL2541
DB14065,SAL2542
DB14067,SAL2543
DB14068,SAL2544
DB14086,SAL2545
DB14087,SAL2546
DB14089,SAL2547
DB14096,SAL2548
DB14104,SAL2549
DB14104,SAL2550
DB14126,SAL2551
DB14141,SAL2552
DB14143,SAL2553
DB14144,SAL2554
DB14150,SAL2555
DB14150,SAL2556
DB14159,SAL2557
DB14176,SAL2558
DB14177,SAL2559
DB14177,SAL2560
DB14180,SAL2561
DB14182,SAL2562
DB14191,SAL2563
DB14206,SAL2564
DB14210,SAL2565
DB14212,SAL2566
DB14217,SAL2567
DB14228,SAL2568
DB14483,SAL2569
DB14487,SAL2570
DB14488,SAL2571
DB14495,SAL2572
DB14496,SAL2573
DB14502,SAL2574
DB14502,SAL2575
DB14502,SAL2576
DB14502,SAL2577
DB14505,SAL2578
DB14506,SAL2579
DB14507,SAL2580
DB14512,SAL2581
DB14542,SAL2582
DB14545,SAL2583
DB14545,SAL2584
DB14572,SAL2585
DB14582,SAL2586
DB14598,SAL2587
DB14600,SAL2588
DB14631,SAL2589
DB14633,SAL2590
DB14644,SAL2591
DB14650,SAL2592
DB14676,SAL2593
DB14683,SAL2594
DB14702,SAL2595
DB14703,SAL2596
DB14708,SAL2597
DB14708,SAL2598
DB14713,SAL2599
DB14714,SAL2600
DB14720,SAL2601
DB14722,SAL2602
DB14723,SAL2603
DB14725,SAL2604
DB14733,SAL2605
DB14739,SAL2606
DB00781,SAL2607
DB14750,SAL2608
DB14753,SAL2609
DB14754,SAL2610
DB14763,SAL2611
DB14765,SAL2612
DB14766,SAL2613
DB14829,SAL2614
DB14844,SAL2615
DB14845,SAL2616
DB14857,SAL2617
DB14860,SAL2618
DB14879,SAL2619
DB14889,SAL2620
DB14901,SAL2621
DB14904,SAL2622
DB14909,SAL2623
DB14924,SAL2624
DB14933,SAL2625
DB14939,SAL2626
DB14948,SAL2627
DB14966,SAL2628
DB14989,SAL2629
DB14990,SAL2630
DB15002,SAL2631
DB15018,SAL2632
DB15031,SAL2633
DB15066,SAL2634
DB15067,SAL2635
DB15079,SAL2636
DB15091,SAL2637
DB15091,SAL2638
DB15097,SAL2639
DB15110,SAL2640
DB15130,SAL2641
DB15133,SAL2642
DB15147,SAL2643
DB15165,SAL2644
DB15168,SAL2645
DB15177,SAL2646
DB15189,SAL2647
DB15191,SAL2648
DB15198,SAL2649
DB15219,SAL2650
DB15226,SAL2651
DB15227,SAL2652
DB15248,SAL2653
DB15254,SAL2654
DB15279,SAL2655
DB15327,SAL2656
DB15343,SAL2657
DB15357,SAL2658
DB15413,SAL2659
DB15442,SAL2660
DB15446,SAL2661
DB15447,SAL2662
DB15465,SAL2663
DB15466,SAL2664
DB15492,SAL2665
DB15536,SAL2666
DB15575,SAL2667
DB15596,SAL2668
DB15597,SAL2669
DB15597,SAL2670
DB15636,SAL2671
DB15642,SAL2672
DB15646,SAL2673
DB15646,SAL2674
DB15652,SAL2675
DB15673,SAL2676
DB15688,SAL2677
DB15720,SAL2678
DB15760,SAL2679
DB15783,SAL2680
DB15785,SAL2681
DB15785,SAL2682
DB15790,SAL2683
DB15791,SAL2684
DB15795,SAL2685
DB15796,SAL2686
DB15831,SAL2687
DB15832,SAL2688
DB15833,SAL2689
DB15880,SAL2690
DB15881,SAL2691
DB15882,SAL2692
DB15887,SAL2693
DB15888,SAL2694
DB15888,SAL2695
DB15902,SAL2696
DB15907,SAL2697
DB15911,SAL2698
DB15919,SAL2699
DB15932,SAL2700
DB15935,SAL2701
DB15942,SAL2702
DB15944,SAL2703
DB15944,SAL2704
DB15945,SAL2705
DB15946,SAL2706
DB15947,SAL2707
DB15954,SAL2708
DB15954,SAL2709
DB15960,SAL2710
DB15968,SAL2711
DB15969,SAL2712
DB15971,SAL2713
DB15978,SAL2714
DB15979,SAL2715
DB15980,SAL2716
DB15982,SAL2717
DB15990,SAL2718
DB15991,SAL2719
DB16004,SAL2720
DB16008,SAL2721
DB16009,SAL2722
DB16010,SAL2723
DB16011,SAL2724
DB16012,SAL2725
DB16020,SAL2726
DB16022,SAL2727
DB16027,SAL2728
DB16066,SAL2729
DB16070,SAL2730
DB16160,SAL2731
DB16183,SAL2732
DB16199,SAL2733
DB16200,SAL2734
DB16216,SAL2735
DB16217,SAL2736
DB16226,SAL2737
DB16230,SAL2738
DB16236,SAL2739
DB16254,SAL2740
DB16261,SAL2741
DB16277,SAL2742
DB16277,SAL2743
DB16330,SAL2744
DB16333,SAL2745
DB16341,SAL2746
DB16354,SAL2747
DB16390,SAL2748
DB16467,SAL2749
DB16567,SAL2750
DB16587,SAL2751
DB16619,SAL2752
DB16623,SAL2753
DB16627,SAL2754
DB16628,SAL2755
DB16629,SAL2756
DB16637,SAL2757
DB16650,SAL2758
DB16652,SAL2759
DB16652,SAL2760
DB16656,SAL2761
DB16657,SAL2762
DB16687,SAL2763
DB16699,SAL2764
DB16703,SAL2765
DB16703,SAL2766
DB16704,SAL2767
DB16756,SAL2768
DB16828,SAL2769
DB16828,SAL2770
DB16837,SAL2771
DB16837,SAL2772
DB16848,SAL2773
DB16849,SAL2774
DB16849,SAL2775
DB16850,SAL2776
DB16868,SAL2777
DB16889,SAL2778
DB16891,SAL2779
DB16892,SAL2780
DB16895,SAL2781
DB16897,SAL2782
DB16906,SAL2783
DB16932,SAL2784
DB16939,SAL2785
DB16943,SAL2786
DB16944,SAL2787
DB16945,SAL2788
DB16950,SAL2789
DB16954,SAL2790
DB16958,SAL2791
DB16965,SAL2792
DB16967,SAL2793
DB16995,SAL2794
DB17024,SAL2795
DB17025,SAL2796
DB17027,SAL2797
DB17028,SAL2798
DB17028,SAL2799
DB17031,SAL2800
DB17032,SAL2801
DB17033,SAL2802
DB17037,SAL2803
DB17043,SAL2804
DB17044,SAL2805
DB17050,SAL2806
DB17051,SAL2807
DB17052,SAL2808
DB17054,SAL2809
DB17056,SAL2810
DB17060,SAL2811
DB17062,SAL2812
DB17064,SAL2813
DB17083,SAL2814
DB17097,SAL2815
DB17097,SAL2816
DB17111,SAL2817
DB17114,SAL2818
DB17117,SAL2819
DB17118,SAL2820
DB17121,SAL2821
DB17129,SAL2822
DB17140,SAL2823
DB17148,SAL2824
DB17149,SAL2825
DB17150,SAL2826
DB17159,SAL2827
DB17161,SAL2828
DB17170,SAL2829
DB17180,SAL2830
DB17197,SAL2831
DB17234,SAL2832
DB17236,SAL2833
DB17247,SAL2834
DB17277,SAL2835
DB17289,SAL2836
DB17294,SAL2837
DB17295,SAL2838
DB17298,SAL2839
DB17307,SAL2840
DB17342,SAL2841
DB17382,SAL2842
DB17383,SAL2843
DB17385,SAL2844
DB17395,SAL2845
DB17408,SAL2846
DB17410,SAL2847
DB17456,SAL2848
DB17516,SAL2849
DB17582,SAL2850
DB17613,SAL2851
DB17615,SAL2852
DB17624,SAL2853
DB17631,SAL2854
DB17635,SAL2855
DB17662,SAL2856
DB17692,SAL2857
DB17693,SAL2858
DB17706,SAL2859
DB17804,SAL2860
DB17919,SAL2861
DB17933,SAL2862
DB17938,SAL2863
DB17965,SAL2864
DB17988,SAL2865
DB17999,SAL2866
DB18003,SAL2867
DB18013,SAL2868
DB18017,SAL2869
DB18019,SAL2870
DB18022,SAL2871
DB18024,SAL2872
DB18036,SAL2873
DB18038,SAL2874
DB18051,SAL2875
DB18057,SAL2876
DB18064,SAL2877
DB18066,SAL2878
DB18079,SAL2879
DB18081,SAL2880
DB18082,SAL2881
DB18083,SAL2882
DB18088,SAL2883
DB18089,SAL2884
DB18090,SAL2885
DB18096,SAL2886
DB18106,SAL2887
DB18107,SAL2888
DB18109,SAL2889
DB18110,SAL2890
DB18115,SAL2891
DB18120,SAL2892
DB18126,SAL2893
DB18151,SAL2894
DB18152,SAL2895
DB18153,SAL2896
DB18155,SAL2897
DB18171,SAL2898
DB18203,SAL2899
DB18214,SAL2900
DB18216,SAL2901
DB18236,SAL2902
DB18252,SAL2903
DB18268,SAL2904
DB18297,SAL2905
DB18299,SAL2906
DB18300,SAL2907
DB18310,SAL2908
DB18314,SAL2909
DB18373,SAL2910
DB18390,SAL2911
DB18408,SAL2912
DB18409,SAL2913
DB18464,SAL2914
DB18481,SAL2915
DB18509,SAL2916
DB18510,SAL2917
DB18510,SAL2918
DB18511,SAL2919
DB18515,SAL2920
DB18515,SAL2921
DB18536,SAL2922
DB18588,SAL2923
DB18711,SAL2924
DB18712,SAL2925
DB18728,SAL2926
DB18745,SAL2927
DB18746,SAL2928
DB18751,SAL2929
DB18752,SAL2930
DB18768,SAL2931
DB18794,SAL2932
DB18847,SAL2933
DB18997,SAL2934
DB19023,SAL2935
DB19043,SAL2936
DB19054,SAL2937
DB19109,SAL2938
DB19126,SAL2939
DB19138,SAL2940
DB19172,SAL2941
DB19177,SAL2942
DB19306,SAL2943
DB19325,SAL2944
DB19353,SAL2945
DB19358,SAL2946
DB19358,SAL2947
DB19367,SAL2948
DB19370,SAL2949
DB19380,SAL2950
DB19381,SAL2951
DB19383,SAL2952
DB19383,SAL2953
DB19449,SAL2954
DB20881,SAL2955
DB21456,SAL2956
DB21754,SAL2957
DB21755,SAL2958
DB22691,SAL2959
DB31662,SAL2960
